Original Row ID,Provider Type,Category,Priority,Name / Search,LinkedIn URL,Website,Location,Evidence,Confidence,Notes,Original LinkedIn URL,Corrected LinkedIn URL,Audit Action,Verification Status,Verification Method,Verification Date,Evidence URLs,Verified Business Contact Fallback,Audit Note,Identity Status,Geography Status,Dubai Coverage Evidence URL,Dubai Coverage Evidence,Queue Decision
NM-SP-021,Company,Cleaning / facilities,B,Dubai Clean,https://www.linkedin.com/company/dubai-clean/,,Dubai/UAE,Live LinkedIn company URL checked by HTTP 200,Medium,Needs website/contact verification,https://www.linkedin.com/company/dubai-clean/,,HELD_NO_REPLACEMENT,HOLD_UNVERIFIED_COMPANY,INSUFFICIENT_IDENTITY_EVIDENCE,2026-09-13,https://dubaiclean.com/,https://dubaiclean.com/,"The old generic LinkedIn slug could not be tied to the DubaiClean business; official website found, but no source-backed LinkedIn profile.",IDENTITY_UNVERIFIED,DUBAI_CONFIRMED,https://dubaiclean.com/,Official site says DubaiClean provides cleaning and technical property services across Dubai; LinkedIn identity remains unverified.,HOLD_UNVERIFIED
NM-SP-022,Company,Maintenance / technical,B,Maintenance Plus,https://www.linkedin.com/company/maintenance-plus/,,Dubai/UAE,Live LinkedIn company URL checked by HTTP 200,Medium,Needs website/contact verification,https://www.linkedin.com/company/maintenance-plus/,,HELD_NO_REPLACEMENT,HOLD_UNVERIFIED_COMPANY,INSUFFICIENT_IDENTITY_EVIDENCE,2026-09-13,,No verified official business website/contact page recovered; re-research by trade-name/licence before use.,Maintenance Plus is a generic name and the indexed LinkedIn evidence did not establish the Dubai business identity.,IDENTITY_UNVERIFIED,DUBAI_CONFIRMED,https://maintenanceplus.ae/,Official site says Maintenance Plus provides property and building maintenance throughout Dubai; the old LinkedIn slug resolves to a US company.,HOLD_UNVERIFIED
NM-SP-042,Company,Channel management / hotel tech,C,SiteMinder,https://www.linkedin.com/company/siteminder/,https://www.siteminder.com/,Global/UAE users,Live LinkedIn company URL checked by HTTP 200,High,Distribution/channel manager,https://www.linkedin.com/company/siteminder/,https://www.linkedin.com/company/siteminder/,UNCHANGED_VERIFIED,READY_VERIFIED,INDEXED_LINKEDIN_IDENTITY_PLUS_OFFICIAL_BUSINESS_SOURCE,2026-09-13,https://www.siteminder.com/ | https://www.linkedin.com/company/siteminder/,https://www.siteminder.com/,Exact company identity and service/geography context matched the source-backed profile.,IDENTITY_VERIFIED,NON_DUBAI,https://www.linkedin.com/company/siteminder/,"Verified company profile says SiteMinder is headquartered in Sydney and lists global offices, none in Dubai/UAE; no official Dubai/UAE service-coverage proof was recovered.",HOLD_NON_DUBAI
NM-SP-044,Company,Tadbeer / domestic worker services,C,Tadbeer,https://www.linkedin.com/company/tadbeer/,https://tadbeer.gov.ae/,UAE,Live LinkedIn company URL checked by HTTP 200,Medium,Only relevant if legal/domestic staffing route opens,https://www.linkedin.com/company/tadbeer/,,HELD_NO_REPLACEMENT,HOLD_UNVERIFIED_COMPANY,INSUFFICIENT_IDENTITY_EVIDENCE,2026-09-13,,"Select a named licensed Tadbeer centre first, then verify that centre’s official contact route.","Tadbeer is a UAE service-centre programme/brand, not one uniquely identified company; old slug could not be verified to the intended centre.",IDENTITY_UNVERIFIED,UAE_BROADER_NOT_DUBAI_CONFIRMED,https://www.tadbeer.ae/about-us,Tadbeer is a programme/brand with multiple licensed centres; this generic row does not identify one Dubai outreach target.,HOLD_UNVERIFIED
NM-SP-047,Freelancer search,Freelance property manager,B,Freelance Property Manager Dubai,https://www.linkedin.com/search/results/people/?keywords=Freelance%20Property%20Manager%20Dubai,,Dubai,"LinkedIn people-search route, login may be required",Route,"Use to find individual profiles, then qualify manually",https://www.linkedin.com/search/results/people/?keywords=Freelance%20Property%20Manager%20Dubai,,HELD_NO_REPLACEMENT,HOLD_UNVERIFIED_SEARCH_ROUTE,NOT_A_PROFILE,2026-09-13,https://www.linkedin.com/search/results/people/?keywords=Freelance%20Property%20Manager%20Dubai,No business contact fallback until an actual named candidate is selected and verified.,"Generic LinkedIn people-search URL; it identifies no person, employer, role, or location.",IDENTITY_UNVERIFIED,UNVERIFIED,https://www.linkedin.com/search/results/people/?keywords=Freelance%20Property%20Manager%20Dubai,"LinkedIn query text contains Dubai, but a search route is not evidence of a named person, role, employer or location.",HOLD_UNVERIFIED
NM-SP-048,Freelancer search,Freelance guest relations / concierge,B,Freelance Guest Relations Dubai holiday homes,https://www.linkedin.com/search/results/people/?keywords=Freelance%20Guest%20Relations%20Dubai%20holiday%20homes,,Dubai,"LinkedIn people-search route, login may be required",Route,"Use to find individual profiles, then qualify manually",https://www.linkedin.com/search/results/people/?keywords=Freelance%20Guest%20Relations%20Dubai%20holiday%20homes,,HELD_NO_REPLACEMENT,HOLD_UNVERIFIED_SEARCH_ROUTE,NOT_A_PROFILE,2026-09-13,https://www.linkedin.com/search/results/people/?keywords=Freelance%20Guest%20Relations%20Dubai%20holiday%20homes,No business contact fallback until an actual named candidate is selected and verified.,"Generic LinkedIn people-search URL; it identifies no person, employer, role, or location.",IDENTITY_UNVERIFIED,UNVERIFIED,https://www.linkedin.com/search/results/people/?keywords=Freelance%20Guest%20Relations%20Dubai%20holiday%20homes,"LinkedIn query text contains Dubai, but a search route is not evidence of a named person, role, employer or location.",HOLD_UNVERIFIED
NM-SP-049,Freelancer search,Freelance check-in agent,B,Freelance Check In Agent Dubai Airbnb,https://www.linkedin.com/search/results/people/?keywords=Freelance%20Check%20In%20Agent%20Dubai%20Airbnb,,Dubai,"LinkedIn people-search route, login may be required",Route,"Use to find individual profiles, then qualify manually",https://www.linkedin.com/search/results/people/?keywords=Freelance%20Check%20In%20Agent%20Dubai%20Airbnb,,HELD_NO_REPLACEMENT,HOLD_UNVERIFIED_SEARCH_ROUTE,NOT_A_PROFILE,2026-09-13,https://www.linkedin.com/search/results/people/?keywords=Freelance%20Check%20In%20Agent%20Dubai%20Airbnb,No business contact fallback until an actual named candidate is selected and verified.,"Generic LinkedIn people-search URL; it identifies no person, employer, role, or location.",IDENTITY_UNVERIFIED,UNVERIFIED,https://www.linkedin.com/search/results/people/?keywords=Freelance%20Check%20In%20Agent%20Dubai%20Airbnb,"LinkedIn query text contains Dubai, but a search route is not evidence of a named person, role, employer or location.",HOLD_UNVERIFIED
NM-SP-050,Freelancer search,Freelance operations assistant,B,Freelance Operations Assistant Dubai holiday homes,https://www.linkedin.com/search/results/people/?keywords=Freelance%20Operations%20Assistant%20Dubai%20holiday%20homes,,Dubai,"LinkedIn people-search route, login may be required",Route,"Use to find individual profiles, then qualify manually",https://www.linkedin.com/search/results/people/?keywords=Freelance%20Operations%20Assistant%20Dubai%20holiday%20homes,,HELD_NO_REPLACEMENT,HOLD_UNVERIFIED_SEARCH_ROUTE,NOT_A_PROFILE,2026-09-13,https://www.linkedin.com/search/results/people/?keywords=Freelance%20Operations%20Assistant%20Dubai%20holiday%20homes,No business contact fallback until an actual named candidate is selected and verified.,"Generic LinkedIn people-search URL; it identifies no person, employer, role, or location.",IDENTITY_UNVERIFIED,UNVERIFIED,https://www.linkedin.com/search/results/people/?keywords=Freelance%20Operations%20Assistant%20Dubai%20holiday%20homes,"LinkedIn query text contains Dubai, but a search route is not evidence of a named person, role, employer or location.",HOLD_UNVERIFIED
NM-SP-051,Freelancer search,Freelance revenue manager,B,Freelance Revenue Manager Dubai short term rental,https://www.linkedin.com/search/results/people/?keywords=Freelance%20Revenue%20Manager%20Dubai%20short%20term%20rental,,Dubai,"LinkedIn people-search route, login may be required",Route,"Use to find individual profiles, then qualify manually",https://www.linkedin.com/search/results/people/?keywords=Freelance%20Revenue%20Manager%20Dubai%20short%20term%20rental,,HELD_NO_REPLACEMENT,HOLD_UNVERIFIED_SEARCH_ROUTE,NOT_A_PROFILE,2026-09-13,https://www.linkedin.com/search/results/people/?keywords=Freelance%20Revenue%20Manager%20Dubai%20short%20term%20rental,No business contact fallback until an actual named candidate is selected and verified.,"Generic LinkedIn people-search URL; it identifies no person, employer, role, or location.",IDENTITY_UNVERIFIED,UNVERIFIED,https://www.linkedin.com/search/results/people/?keywords=Freelance%20Revenue%20Manager%20Dubai%20short%20term%20rental,"LinkedIn query text contains Dubai, but a search route is not evidence of a named person, role, employer or location.",HOLD_UNVERIFIED
NM-SP-052,Freelancer search,Freelance pricing strategist,B,Freelance Pricing Strategist Dubai Airbnb,https://www.linkedin.com/search/results/people/?keywords=Freelance%20Pricing%20Strategist%20Dubai%20Airbnb,,Dubai,"LinkedIn people-search route, login may be required",Route,"Use to find individual profiles, then qualify manually",https://www.linkedin.com/search/results/people/?keywords=Freelance%20Pricing%20Strategist%20Dubai%20Airbnb,,HELD_NO_REPLACEMENT,HOLD_UNVERIFIED_SEARCH_ROUTE,NOT_A_PROFILE,2026-09-13,https://www.linkedin.com/search/results/people/?keywords=Freelance%20Pricing%20Strategist%20Dubai%20Airbnb,No business contact fallback until an actual named candidate is selected and verified.,"Generic LinkedIn people-search URL; it identifies no person, employer, role, or location.",IDENTITY_UNVERIFIED,UNVERIFIED,https://www.linkedin.com/search/results/people/?keywords=Freelance%20Pricing%20Strategist%20Dubai%20Airbnb,"LinkedIn query text contains Dubai, but a search route is not evidence of a named person, role, employer or location.",HOLD_UNVERIFIED
NM-SP-053,Freelancer search,Freelance channel manager,B,Freelance Channel Manager Dubai hospitality,https://www.linkedin.com/search/results/people/?keywords=Freelance%20Channel%20Manager%20Dubai%20hospitality,,Dubai,"LinkedIn people-search route, login may be required",Route,"Use to find individual profiles, then qualify manually",https://www.linkedin.com/search/results/people/?keywords=Freelance%20Channel%20Manager%20Dubai%20hospitality,,HELD_NO_REPLACEMENT,HOLD_UNVERIFIED_SEARCH_ROUTE,NOT_A_PROFILE,2026-09-13,https://www.linkedin.com/search/results/people/?keywords=Freelance%20Channel%20Manager%20Dubai%20hospitality,No business contact fallback until an actual named candidate is selected and verified.,"Generic LinkedIn people-search URL; it identifies no person, employer, role, or location.",IDENTITY_UNVERIFIED,UNVERIFIED,https://www.linkedin.com/search/results/people/?keywords=Freelance%20Channel%20Manager%20Dubai%20hospitality,"LinkedIn query text contains Dubai, but a search route is not evidence of a named person, role, employer or location.",HOLD_UNVERIFIED
NM-SP-054,Freelancer search,Freelance cleaner / housekeeper,B,Freelance Cleaner Dubai holiday homes,https://www.linkedin.com/search/results/people/?keywords=Freelance%20Cleaner%20Dubai%20holiday%20homes,,Dubai,"LinkedIn people-search route, login may be required",Route,"Use to find individual profiles, then qualify manually",https://www.linkedin.com/search/results/people/?keywords=Freelance%20Cleaner%20Dubai%20holiday%20homes,,HELD_NO_REPLACEMENT,HOLD_UNVERIFIED_SEARCH_ROUTE,NOT_A_PROFILE,2026-09-13,https://www.linkedin.com/search/results/people/?keywords=Freelance%20Cleaner%20Dubai%20holiday%20homes,No business contact fallback until an actual named candidate is selected and verified.,"Generic LinkedIn people-search URL; it identifies no person, employer, role, or location.",IDENTITY_UNVERIFIED,UNVERIFIED,https://www.linkedin.com/search/results/people/?keywords=Freelance%20Cleaner%20Dubai%20holiday%20homes,"LinkedIn query text contains Dubai, but a search route is not evidence of a named person, role, employer or location.",HOLD_UNVERIFIED
NM-SP-055,Freelancer search,Freelance handyman,B,Freelance Handyman Dubai property maintenance,https://www.linkedin.com/search/results/people/?keywords=Freelance%20Handyman%20Dubai%20property%20maintenance,,Dubai,"LinkedIn people-search route, login may be required",Route,"Use to find individual profiles, then qualify manually",https://www.linkedin.com/search/results/people/?keywords=Freelance%20Handyman%20Dubai%20property%20maintenance,,HELD_NO_REPLACEMENT,HOLD_UNVERIFIED_SEARCH_ROUTE,NOT_A_PROFILE,2026-09-13,https://www.linkedin.com/search/results/people/?keywords=Freelance%20Handyman%20Dubai%20property%20maintenance,No business contact fallback until an actual named candidate is selected and verified.,"Generic LinkedIn people-search URL; it identifies no person, employer, role, or location.",IDENTITY_UNVERIFIED,UNVERIFIED,https://www.linkedin.com/search/results/people/?keywords=Freelance%20Handyman%20Dubai%20property%20maintenance,"LinkedIn query text contains Dubai, but a search route is not evidence of a named person, role, employer or location.",HOLD_UNVERIFIED
NM-SP-056,Freelancer search,Freelance AC technician,B,Freelance AC Technician Dubai,https://www.linkedin.com/search/results/people/?keywords=Freelance%20AC%20Technician%20Dubai,,Dubai,"LinkedIn people-search route, login may be required",Route,"Use to find individual profiles, then qualify manually",https://www.linkedin.com/search/results/people/?keywords=Freelance%20AC%20Technician%20Dubai,,HELD_NO_REPLACEMENT,HOLD_UNVERIFIED_SEARCH_ROUTE,NOT_A_PROFILE,2026-09-13,https://www.linkedin.com/search/results/people/?keywords=Freelance%20AC%20Technician%20Dubai,No business contact fallback until an actual named candidate is selected and verified.,"Generic LinkedIn people-search URL; it identifies no person, employer, role, or location.",IDENTITY_UNVERIFIED,UNVERIFIED,https://www.linkedin.com/search/results/people/?keywords=Freelance%20AC%20Technician%20Dubai,"LinkedIn query text contains Dubai, but a search route is not evidence of a named person, role, employer or location.",HOLD_UNVERIFIED
NM-SP-057,Freelancer search,Freelance plumber,B,Freelance Plumber Dubai,https://www.linkedin.com/search/results/people/?keywords=Freelance%20Plumber%20Dubai,,Dubai,"LinkedIn people-search route, login may be required",Route,"Use to find individual profiles, then qualify manually",https://www.linkedin.com/search/results/people/?keywords=Freelance%20Plumber%20Dubai,,HELD_NO_REPLACEMENT,HOLD_UNVERIFIED_SEARCH_ROUTE,NOT_A_PROFILE,2026-09-13,https://www.linkedin.com/search/results/people/?keywords=Freelance%20Plumber%20Dubai,No business contact fallback until an actual named candidate is selected and verified.,"Generic LinkedIn people-search URL; it identifies no person, employer, role, or location.",IDENTITY_UNVERIFIED,UNVERIFIED,https://www.linkedin.com/search/results/people/?keywords=Freelance%20Plumber%20Dubai,"LinkedIn query text contains Dubai, but a search route is not evidence of a named person, role, employer or location.",HOLD_UNVERIFIED
NM-SP-058,Freelancer search,Freelance electrician,B,Freelance Electrician Dubai,https://www.linkedin.com/search/results/people/?keywords=Freelance%20Electrician%20Dubai,,Dubai,"LinkedIn people-search route, login may be required",Route,"Use to find individual profiles, then qualify manually",https://www.linkedin.com/search/results/people/?keywords=Freelance%20Electrician%20Dubai,,HELD_NO_REPLACEMENT,HOLD_UNVERIFIED_SEARCH_ROUTE,NOT_A_PROFILE,2026-09-13,https://www.linkedin.com/search/results/people/?keywords=Freelance%20Electrician%20Dubai,No business contact fallback until an actual named candidate is selected and verified.,"Generic LinkedIn people-search URL; it identifies no person, employer, role, or location.",IDENTITY_UNVERIFIED,UNVERIFIED,https://www.linkedin.com/search/results/people/?keywords=Freelance%20Electrician%20Dubai,"LinkedIn query text contains Dubai, but a search route is not evidence of a named person, role, employer or location.",HOLD_UNVERIFIED
NM-SP-059,Freelancer search,Freelance smart lock technician,B,Freelance Smart Lock Technician Dubai Airbnb,https://www.linkedin.com/search/results/people/?keywords=Freelance%20Smart%20Lock%20Technician%20Dubai%20Airbnb,,Dubai,"LinkedIn people-search route, login may be required",Route,"Use to find individual profiles, then qualify manually",https://www.linkedin.com/search/results/people/?keywords=Freelance%20Smart%20Lock%20Technician%20Dubai%20Airbnb,,HELD_NO_REPLACEMENT,HOLD_UNVERIFIED_SEARCH_ROUTE,NOT_A_PROFILE,2026-09-13,https://www.linkedin.com/search/results/people/?keywords=Freelance%20Smart%20Lock%20Technician%20Dubai%20Airbnb,No business contact fallback until an actual named candidate is selected and verified.,"Generic LinkedIn people-search URL; it identifies no person, employer, role, or location.",IDENTITY_UNVERIFIED,UNVERIFIED,https://www.linkedin.com/search/results/people/?keywords=Freelance%20Smart%20Lock%20Technician%20Dubai%20Airbnb,"LinkedIn query text contains Dubai, but a search route is not evidence of a named person, role, employer or location.",HOLD_UNVERIFIED
NM-SP-060,Freelancer search,Freelance carpenter / joiner,B,Freelance Carpenter Dubai joinery,https://www.linkedin.com/search/results/people/?keywords=Freelance%20Carpenter%20Dubai%20joinery,,Dubai,"LinkedIn people-search route, login may be required",Route,"Use to find individual profiles, then qualify manually",https://www.linkedin.com/search/results/people/?keywords=Freelance%20Carpenter%20Dubai%20joinery,,HELD_NO_REPLACEMENT,HOLD_UNVERIFIED_SEARCH_ROUTE,NOT_A_PROFILE,2026-09-13,https://www.linkedin.com/search/results/people/?keywords=Freelance%20Carpenter%20Dubai%20joinery,No business contact fallback until an actual named candidate is selected and verified.,"Generic LinkedIn people-search URL; it identifies no person, employer, role, or location.",IDENTITY_UNVERIFIED,UNVERIFIED,https://www.linkedin.com/search/results/people/?keywords=Freelance%20Carpenter%20Dubai%20joinery,"LinkedIn query text contains Dubai, but a search route is not evidence of a named person, role, employer or location.",HOLD_UNVERIFIED
NM-SP-061,Freelancer search,Freelance interior designer / stager,B,Freelance Interior Designer Dubai home staging,https://www.linkedin.com/search/results/people/?keywords=Freelance%20Interior%20Designer%20Dubai%20home%20staging,,Dubai,"LinkedIn people-search route, login may be required",Route,"Use to find individual profiles, then qualify manually",https://www.linkedin.com/search/results/people/?keywords=Freelance%20Interior%20Designer%20Dubai%20home%20staging,,HELD_NO_REPLACEMENT,HOLD_UNVERIFIED_SEARCH_ROUTE,NOT_A_PROFILE,2026-09-13,https://www.linkedin.com/search/results/people/?keywords=Freelance%20Interior%20Designer%20Dubai%20home%20staging,No business contact fallback until an actual named candidate is selected and verified.,"Generic LinkedIn people-search URL; it identifies no person, employer, role, or location.",IDENTITY_UNVERIFIED,UNVERIFIED,https://www.linkedin.com/search/results/people/?keywords=Freelance%20Interior%20Designer%20Dubai%20home%20staging,"LinkedIn query text contains Dubai, but a search route is not evidence of a named person, role, employer or location.",HOLD_UNVERIFIED
NM-SP-062,Freelancer search,Freelance photographer,B,Freelance Real Estate Photographer Dubai,https://www.linkedin.com/search/results/people/?keywords=Freelance%20Real%20Estate%20Photographer%20Dubai,,Dubai,"LinkedIn people-search route, login may be required",Route,"Use to find individual profiles, then qualify manually",https://www.linkedin.com/search/results/people/?keywords=Freelance%20Real%20Estate%20Photographer%20Dubai,,HELD_NO_REPLACEMENT,HOLD_UNVERIFIED_SEARCH_ROUTE,NOT_A_PROFILE,2026-09-13,https://www.linkedin.com/search/results/people/?keywords=Freelance%20Real%20Estate%20Photographer%20Dubai,No business contact fallback until an actual named candidate is selected and verified.,"Generic LinkedIn people-search URL; it identifies no person, employer, role, or location.",IDENTITY_UNVERIFIED,UNVERIFIED,https://www.linkedin.com/search/results/people/?keywords=Freelance%20Real%20Estate%20Photographer%20Dubai,"LinkedIn query text contains Dubai, but a search route is not evidence of a named person, role, employer or location.",HOLD_UNVERIFIED
NM-SP-063,Freelancer search,Freelance videographer / drone operator,B,Freelance Drone Videographer Dubai real estate,https://www.linkedin.com/search/results/people/?keywords=Freelance%20Drone%20Videographer%20Dubai%20real%20estate,,Dubai,"LinkedIn people-search route, login may be required",Route,"Use to find individual profiles, then qualify manually",https://www.linkedin.com/search/results/people/?keywords=Freelance%20Drone%20Videographer%20Dubai%20real%20estate,,HELD_NO_REPLACEMENT,HOLD_UNVERIFIED_SEARCH_ROUTE,NOT_A_PROFILE,2026-09-13,https://www.linkedin.com/search/results/people/?keywords=Freelance%20Drone%20Videographer%20Dubai%20real%20estate,No business contact fallback until an actual named candidate is selected and verified.,"Generic LinkedIn people-search URL; it identifies no person, employer, role, or location.",IDENTITY_UNVERIFIED,UNVERIFIED,https://www.linkedin.com/search/results/people/?keywords=Freelance%20Drone%20Videographer%20Dubai%20real%20estate,"LinkedIn query text contains Dubai, but a search route is not evidence of a named person, role, employer or location.",HOLD_UNVERIFIED
NM-SP-064,Freelancer search,Freelance Wi-Fi / IT technician,B,Freelance WiFi IT Technician Dubai apartments,https://www.linkedin.com/search/results/people/?keywords=Freelance%20WiFi%20IT%20Technician%20Dubai%20apartments,,Dubai,"LinkedIn people-search route, login may be required",Route,"Use to find individual profiles, then qualify manually",https://www.linkedin.com/search/results/people/?keywords=Freelance%20WiFi%20IT%20Technician%20Dubai%20apartments,,HELD_NO_REPLACEMENT,HOLD_UNVERIFIED_SEARCH_ROUTE,NOT_A_PROFILE,2026-09-13,https://www.linkedin.com/search/results/people/?keywords=Freelance%20WiFi%20IT%20Technician%20Dubai%20apartments,No business contact fallback until an actual named candidate is selected and verified.,"Generic LinkedIn people-search URL; it identifies no person, employer, role, or location.",IDENTITY_UNVERIFIED,UNVERIFIED,https://www.linkedin.com/search/results/people/?keywords=Freelance%20WiFi%20IT%20Technician%20Dubai%20apartments,"LinkedIn query text contains Dubai, but a search route is not evidence of a named person, role, employer or location.",HOLD_UNVERIFIED
NM-SP-065,Freelancer search,Freelance pool technician / gardener,B,Freelance Pool Technician Dubai villa,https://www.linkedin.com/search/results/people/?keywords=Freelance%20Pool%20Technician%20Dubai%20villa,,Dubai,"LinkedIn people-search route, login may be required",Route,"Use to find individual profiles, then qualify manually",https://www.linkedin.com/search/results/people/?keywords=Freelance%20Pool%20Technician%20Dubai%20villa,,HELD_NO_REPLACEMENT,HOLD_UNVERIFIED_SEARCH_ROUTE,NOT_A_PROFILE,2026-09-13,https://www.linkedin.com/search/results/people/?keywords=Freelance%20Pool%20Technician%20Dubai%20villa,No business contact fallback until an actual named candidate is selected and verified.,"Generic LinkedIn people-search URL; it identifies no person, employer, role, or location.",IDENTITY_UNVERIFIED,UNVERIFIED,https://www.linkedin.com/search/results/people/?keywords=Freelance%20Pool%20Technician%20Dubai%20villa,"LinkedIn query text contains Dubai, but a search route is not evidence of a named person, role, employer or location.",HOLD_UNVERIFIED
NM-SP-066,Freelancer search,Freelance driver / chauffeur,B,Freelance Chauffeur Driver Dubai,https://www.linkedin.com/search/results/people/?keywords=Freelance%20Chauffeur%20Driver%20Dubai,,Dubai,"LinkedIn people-search route, login may be required",Route,"Use to find individual profiles, then qualify manually",https://www.linkedin.com/search/results/people/?keywords=Freelance%20Chauffeur%20Driver%20Dubai,,HELD_NO_REPLACEMENT,HOLD_UNVERIFIED_SEARCH_ROUTE,NOT_A_PROFILE,2026-09-13,https://www.linkedin.com/search/results/people/?keywords=Freelance%20Chauffeur%20Driver%20Dubai,No business contact fallback until an actual named candidate is selected and verified.,"Generic LinkedIn people-search URL; it identifies no person, employer, role, or location.",IDENTITY_UNVERIFIED,UNVERIFIED,https://www.linkedin.com/search/results/people/?keywords=Freelance%20Chauffeur%20Driver%20Dubai,"LinkedIn query text contains Dubai, but a search route is not evidence of a named person, role, employer or location.",HOLD_UNVERIFIED
NM-SP-067,Freelancer search,Freelance DTCM / licensing consultant,B,Freelance DTCM Consultant Dubai holiday homes,https://www.linkedin.com/search/results/people/?keywords=Freelance%20DTCM%20Consultant%20Dubai%20holiday%20homes,,Dubai,"LinkedIn people-search route, login may be required",Route,"Use to find individual profiles, then qualify manually",https://www.linkedin.com/search/results/people/?keywords=Freelance%20DTCM%20Consultant%20Dubai%20holiday%20homes,,HELD_NO_REPLACEMENT,HOLD_UNVERIFIED_SEARCH_ROUTE,NOT_A_PROFILE,2026-09-13,https://www.linkedin.com/search/results/people/?keywords=Freelance%20DTCM%20Consultant%20Dubai%20holiday%20homes,No business contact fallback until an actual named candidate is selected and verified.,"Generic LinkedIn people-search URL; it identifies no person, employer, role, or location.",IDENTITY_UNVERIFIED,UNVERIFIED,https://www.linkedin.com/search/results/people/?keywords=Freelance%20DTCM%20Consultant%20Dubai%20holiday%20homes,"LinkedIn query text contains Dubai, but a search route is not evidence of a named person, role, employer or location.",HOLD_UNVERIFIED
NM-SP-068,Freelancer search,Freelance accountant / VAT consultant,B,Freelance Accountant VAT Dubai property,https://www.linkedin.com/search/results/people/?keywords=Freelance%20Accountant%20VAT%20Dubai%20property,,Dubai,"LinkedIn people-search route, login may be required",Route,"Use to find individual profiles, then qualify manually",https://www.linkedin.com/search/results/people/?keywords=Freelance%20Accountant%20VAT%20Dubai%20property,,HELD_NO_REPLACEMENT,HOLD_UNVERIFIED_SEARCH_ROUTE,NOT_A_PROFILE,2026-09-13,https://www.linkedin.com/search/results/people/?keywords=Freelance%20Accountant%20VAT%20Dubai%20property,No business contact fallback until an actual named candidate is selected and verified.,"Generic LinkedIn people-search URL; it identifies no person, employer, role, or location.",IDENTITY_UNVERIFIED,UNVERIFIED,https://www.linkedin.com/search/results/people/?keywords=Freelance%20Accountant%20VAT%20Dubai%20property,"LinkedIn query text contains Dubai, but a search route is not evidence of a named person, role, employer or location.",HOLD_UNVERIFIED
NM-SP-069,Freelancer search,Freelance legal / conveyancing,B,Freelance Conveyancing Consultant Dubai real estate,https://www.linkedin.com/search/results/people/?keywords=Freelance%20Conveyancing%20Consultant%20Dubai%20real%20estate,,Dubai,"LinkedIn people-search route, login may be required",Route,"Use to find individual profiles, then qualify manually",https://www.linkedin.com/search/results/people/?keywords=Freelance%20Conveyancing%20Consultant%20Dubai%20real%20estate,,HELD_NO_REPLACEMENT,HOLD_UNVERIFIED_SEARCH_ROUTE,NOT_A_PROFILE,2026-09-13,https://www.linkedin.com/search/results/people/?keywords=Freelance%20Conveyancing%20Consultant%20Dubai%20real%20estate,No business contact fallback until an actual named candidate is selected and verified.,"Generic LinkedIn people-search URL; it identifies no person, employer, role, or location.",IDENTITY_UNVERIFIED,UNVERIFIED,https://www.linkedin.com/search/results/people/?keywords=Freelance%20Conveyancing%20Consultant%20Dubai%20real%20estate,"LinkedIn query text contains Dubai, but a search route is not evidence of a named person, role, employer or location.",HOLD_UNVERIFIED
NM-SP-070,Freelancer search,Freelance mortgage broker,B,Freelance Mortgage Broker Dubai,https://www.linkedin.com/search/results/people/?keywords=Freelance%20Mortgage%20Broker%20Dubai,,Dubai,"LinkedIn people-search route, login may be required",Route,"Use to find individual profiles, then qualify manually",https://www.linkedin.com/search/results/people/?keywords=Freelance%20Mortgage%20Broker%20Dubai,,HELD_NO_REPLACEMENT,HOLD_UNVERIFIED_SEARCH_ROUTE,NOT_A_PROFILE,2026-09-13,https://www.linkedin.com/search/results/people/?keywords=Freelance%20Mortgage%20Broker%20Dubai,No business contact fallback until an actual named candidate is selected and verified.,"Generic LinkedIn people-search URL; it identifies no person, employer, role, or location.",IDENTITY_UNVERIFIED,UNVERIFIED,https://www.linkedin.com/search/results/people/?keywords=Freelance%20Mortgage%20Broker%20Dubai,"LinkedIn query text contains Dubai, but a search route is not evidence of a named person, role, employer or location.",HOLD_UNVERIFIED
NM-SP-071,Freelancer search,Freelance business development / acquisitions,B,Freelance Property Acquisition Specialist Dubai,https://www.linkedin.com/search/results/people/?keywords=Freelance%20Property%20Acquisition%20Specialist%20Dubai,,Dubai,"LinkedIn people-search route, login may be required",Route,"Use to find individual profiles, then qualify manually",https://www.linkedin.com/search/results/people/?keywords=Freelance%20Property%20Acquisition%20Specialist%20Dubai,,HELD_NO_REPLACEMENT,HOLD_UNVERIFIED_SEARCH_ROUTE,NOT_A_PROFILE,2026-09-13,https://www.linkedin.com/search/results/people/?keywords=Freelance%20Property%20Acquisition%20Specialist%20Dubai,No business contact fallback until an actual named candidate is selected and verified.,"Generic LinkedIn people-search URL; it identifies no person, employer, role, or location.",IDENTITY_UNVERIFIED,UNVERIFIED,https://www.linkedin.com/search/results/people/?keywords=Freelance%20Property%20Acquisition%20Specialist%20Dubai,"LinkedIn query text contains Dubai, but a search route is not evidence of a named person, role, employer or location.",HOLD_UNVERIFIED
